Title,Author,Description,Category,Domain,URL,Recipe Prefix,Avoid URLs
Recipes from The Great British Bake Off,Love Productions,The Great British Bake Off is the ultimate baking battle where passionate amateur baking fans compete to be crowned the UK’s Best Amateur Baker.,tv shows,thegreatbritishbakeoff.co.uk,https://thegreatbritishbakeoff.co.uk/recipes/,thegreatbritishbakeoff.co.uk/recipes/,?page
Recipes For Life,Laura Hauser,"Every recipe is made and tested in my own kitchen using the same tools most families have. I rewrite instructions until they're clear, adjust ingredients until they make sense, and update posts whenever I find a better method. If a recipe feels impractical, stressful, or wasteful - it simply doesn't make it onto the site.",blogs,recipes-for-life.com,https://recipes-for-life.com,recipes-for-life.com/,
All Recipes – Pastrywiz.com,Pastry Wiz,PastryWiz has been a baking and pastry reference on the web since 1997 — one of the original recipe sites of the early internet. At the PastryWiz Food Resource Center you will find 1000's of pages of food related information both for the professional and the consumer.,blogs,www.pastrywiz.com,https://www.pastrywiz.com/recipes/,pastrywiz.com,
Recipes – Cooking Index,Cooking Index,"Cooking Index first went online in 1998 and was the brainchild of Randy Hoelscher and Mary Jane Johnson, who ran the site from their Minnesota home. In 2006 Cooking Index was transferred to Joe Saumarez Smith, who runs the site as a hobby from his home. Randy and Mary Jane now live in their RV and have a website about their travels called Food Freeway.",blogs,www.cookingindex.com,https://www.cookingindex.com/recipes/,cookingindex.com/recipes/,
Drinks – Cooking Index,Cooking Index,"Cooking Index first went online in 1998 and was the brainchild of Randy Hoelscher and Mary Jane Johnson, who ran the site from their Minnesota home. In 2006 Cooking Index was transferred to Joe Saumarez Smith, who runs the site as a hobby from his home. Randy and Mary Jane now live in their RV and have a website about their travels called Food Freeway.",blogs,www.cookingindex.com,https://www.cookingindex.com/drinks/,cookingindex.com/drinks/,
Sally’s Baking Addiction,Sally’s Baking,Trusted Baking Recipes from a Self-Taught Baker,blogs,sallysbakingaddiction.com,https://sallysbakingaddiction.com,sallysbakingaddiction.com,
Lemon-sugar,Lemon-Sugar,,blogs,lemon-sugar.com,https://lemon-sugar.com/,lemon-sugar.com/,
The Dough Maker: How to Make Bread,Bam The Doughmaker,Provides recipes for bread and buns.,blogs,bam-thedoughmaker.blogspot.com,https://bam-thedoughmaker.blogspot.com,bam-thedoughmaker.blogspot.com,
Baking Adventures In A Messy Kitchen,Laurie Ulster,"A blog about healthy baking, with occasional dips into decadence.",blogs,bakingadventuresinamessykitchen.com,http://bakingadventuresinamessykitchen.com,bakingadventuresinamessykitchen.com,
Recipes – Crafty Baking,CRAFTY BAKING LLC,,blogs,www.craftybaking.com,https://www.craftybaking.com/category/recipes/,craftybaking.com/recipes/,
The Barmy Baker,Jen The Bread Freak,,blogs,thebarmybaker.blogspot.com,https://thebarmybaker.blogspot.com,thebarmybaker.blogspot.com,
My Mom’s Recipes and More,Chanita Harel,My Mom’s Recipes and More: my food and Cooking Blog,blogs,momsrecipesandmore.blogspot.com,momsrecipesandmore.blogspot.com,momsrecipesandmore.blogspot.com,
Robbie’s Recipes,Robbie Rice,,blogs,recipes.robbiehaf.com,https://recipes.robbiehaf.com,recipes.robbiehaf.com,
The Cinnaman,Majed Ali,The Cinnaman is a food blog founded by Dubai based baker and recipe developer Majed Ali. Majed offers bespoke recipes for baked goods and desserts with a Middle Eastern influence.,blogs,thecinnaman.com,https://thecinnaman.com/blog/,thecinnaman.com/blog/,
LIQUID LUNCH,Wes,Liquid Cult is the website of the Artist ‘Wes’ who hates social media,blogs,liquidcult.neocities.org/,https://liquidcult.neocities.org/fridge/,/fridge/images/recipe_,
